Player;Role;Team;Opponent_Team;Opponent_Player;Date;Round;Day;Patch;Stage;No_Game;all_Games;Format;Game_of_day;Side;Time;Ban;Ban_Opponent;Pick;Pick_Opponent;Champion;Champion_Opponent;Outcome;Kills_Team;Turrets_Team;Dragon_Team;Baron_Team;Level;Kills;Deaths;Assists;KDA;CS;CS in Team's Jungle;CS in Enemy Jungle;CSM;Golds;GPM;GOLD%;Vision Score;Wards placed;Wards destroyed;Control Wards Purchased;Detector Wards Placed;VSPM;WPM;VWPM;WCPM;VS%;Total damage to Champion;Physical Damage;Magic Damage;True Damage;DPM;DMG%;K+A Per Minute;KP%;Solo kills;Double kills;Triple kills;Quadra kills;Penta kills;GD@15;CSD@15;XPD@15;LVLD@15;Objectives Stolen;Damage dealt to turrets;Damage dealt to buildings;Total heal;Total Heals On Teammates;Damage self mitigated;Total Damage Shielded On Teammates;Time ccing others;Total Time CC Dealt;Total damage taken;Total Time Spent Dead;Consumables purchased;Items Purchased;Shutdown bounty collected;Shutdown bounty lost
Zeus;TOP;T1;DK;kingen;12.09.2024;1;1;v14.16;Regional_Finals_2024;1;5;5;1;Blue;00:42:31;Vi;Azir;Rumble;Ziggs;Rumble;Camille;Win;16;9;5;1;18;4;5;7;2.2;262;6;0;6.2;14626;344;0.185;52;24;3;9;9;1.22;0.56;0.21;0.07;0.118;25426;477;22562;2387;598;0.284;0.26;0.688;1;1;0;0;0;1377;33;1066;1;0;347;347;3457;0;23062;0;13;350;21051;147;13;35;0;200
Oner;JUNGLE;T1;DK;Lucid;12.09.2024;1;1;v14.16;Regional_Finals_2024;1;5;5;1;Blue;00:42:31;Smolder;Jhin;Yone;Corki;Nocturne;Maokai;Win;16;9;5;1;17;5;3;6;3.7;243;210;0;5.7;15385;362;0.194;77;27;12;11;11;1.81;0.64;0.26;0.28;0.175;17168;12417;896;3855;404;0.192;0.26;0.688;0;1;0;0;0;334;3;321;0;0;1304;1304;25046;0;35207;0;155;672;43147;107;12;39;900;0
Faker;MID;T1;DK;ShowMaker;12.09.2024;1;1;v14.16;Regional_Finals_2024;1;5;5;1;Blue;00:42:31;Nasus;Tristana;Miss_Fortune;Maokai;Yone;Corki;Win;16;9;5;1;18;3;3;8;3.7;364;29;0;8.6;17692;416;0.224;34;15;3;7;6;0.8;0.35;0.16;0.07;0.077;19886;12492;4536;2858;468;0.222;0.26;0.688;0;0;0;0;0;-58;-25;-575;0;0;2938;2938;9017;0;30650;0;14;227;23888;126;9;31;450;250
Gumayusi;ADCARRY;T1;DK;Aiming;12.09.2024;1;1;v14.16;Regional_Finals_2024;1;5;5;1;Blue;00:42:31;KSante;Sejuani;Nocturne;Leona;Miss_Fortune;Ziggs;Win;16;9;5;1;18;4;2;2;3;484;56;0;11.4;20359;479;0.257;50;16;16;3;3;1.18;0.38;0.07;0.38;0.113;20306;18204;913;1189;478;0.227;0.14;0.375;0;0;0;0;0;-130;4;-114;0;1;11581;11581;6045;0;24245;0;6;216;11867;47;4;22;0;150
Keria;SUPPORT;T1;DK;Moham;12.09.2024;1;1;v14.16;Regional_Finals_2024;1;5;5;1;Blue;00:42:31;Jax;Skarner;Bard;Camille;Bard;Leona;Win;16;9;5;1;14;0;2;8;4;48;0;0;1.1;11040;260;0.14;228;140;31;32;32;5.36;3.29;0.75;0.73;0.517;6834;1547;5020;267;161;0.076;0.19;0.5;0;0;0;0;0;117;-5;489;1;0;2753;2753;8290;4005;16456;778;52;232;18683;75;35;54;0;0
kingen;TOP;DK;T1;Zeus;12.09.2024;1;1;v14.16;Regional_Finals_2024;1;5;5;1;Red;00:42:31;Azir;Vi;Ziggs;Rumble;Camille;Rumble;Loss;15;6;1;1;18;3;4;6;2.3;257;8;0;6;14200;334;0.194;40;13;15;11;9;0.94;0.31;0.26;0.35;0.099;13823;7174;1626;5023;325;0.175;0.21;0.6;0;0;0;0;0;-1377;-33;-1066;-1;0;4591;4591;5063;0;41757;0;14;344;35965;110;12;33;0;100
Lucid;JUNGLE;DK;T1;Oner;12.09.2024;1;1;v14.16;Regional_Finals_2024;1;5;5;1;Red;00:42:31;Jhin;Smolder;Corki;Yone;Maokai;Nocturne;Loss;15;6;1;1;15;0;2;10;5;188;152;0;4.4;11771;277;0.161;78;18;25;18;16;1.83;0.42;0.42;0.59;0.193;8659;349;7902;408;204;0.11;0.24;0.667;0;0;0;0;0;-334;-3;-321;0;0;211;211;21560;0;43590;1294;62;548;42157;95;19;38;0;0
ShowMaker;MID;DK;T1;Faker;12.09.2024;1;1;v14.16;Regional_Finals_2024;1;5;5;1;Red;00:42:31;Tristana;Nasus;Maokai;Miss_Fortune;Corki;Yone;Loss;15;6;1;1;18;8;3;1;3;411;38;0;9.7;19273;453;0.263;74;15;33;4;4;1.74;0.35;0.09;0.78;0.183;21946;15674;4326;1946;516;0.278;0.21;0.6;1;1;0;0;0;58;25;575;0;0;6210;6210;4857;0;13799;0;1;90;18473;113;6;25;450;900
Aiming;ADCARRY;DK;T1;Gumayusi;12.09.2024;1;1;v14.16;Regional_Finals_2024;1;5;5;1;Red;00:42:31;Sejuani;KSante;Leona;Nocturne;Ziggs;Miss_Fortune;Loss;15;6;1;1;18;3;2;8;5.5;406;29;0;9.5;17890;421;0.244;28;16;5;5;5;0.66;0.38;0.12;0.12;0.069;27208;851;26207;150;640;0.345;0.26;0.733;0;0;0;0;0;130;-4;114;0;0;6822;6822;1712;0;11152;0;15;472;14646;38;8;31;150;350
Moham;SUPPORT;DK;T1;Keria;12.09.2024;1;1;v14.16;Regional_Finals_2024;1;5;5;1;Red;00:42:31;Skarner;Jax;Camille;Bard;Leona;Bard;Loss;15;6;1;1;12;1;5;9;2;49;0;0;1.2;10178;239;0.139;185;102;31;30;28;4.35;2.4;0.71;0.73;0.457;7204;1406;4806;992;169;0.091;0.24;0.667;0;0;0;0;0;-117;5;-489;-1;0;974;974;818;0;20571;0;35;86;23814;108;32;50;0;0
kingen;TOP;DK;T1;Zeus;12.09.2024;1;1;v14.16;Regional_Finals_2024;2;5;5;2;Blue;00:34:01;Azir;Vi;Ziggs;Corki;KSante;Jax;Win;14;8;2;0;16;2;3;3;1.7;269;8;0;7.9;12465;366;0.196;36;18;6;9;8;1.06;0.53;0.26;0.18;0.112;10458;8224;1699;535;307;0.121;0.15;0.357;0;0;0;0;0;788;26;1116;1;0;3197;3197;1282;0;36072;333;17;2028;19653;143;10;31;350;0
Lucid;JUNGLE;DK;T1;Oner;12.09.2024;1;1;v14.16;Regional_Finals_2024;2;5;5;2;Blue;00:34:01;Sejuani;Smolder;Tristana;Maokai;Ivern;Maokai;Win;14;8;2;0;15;0;0;13;Perfect_KDA;154;132;0;4.5;10330;304;0.162;86;41;17;11;11;2.53;1.21;0.32;0.5;0.267;7340;2246;3316;1778;216;0.085;0.38;0.929;0;0;0;0;0;-409;-23;-772;-1;0;283;283;7702;1232;10438;7271;46;301;11786;0;12;29;0;0
ShowMaker;MID;DK;T1;Faker;12.09.2024;1;1;v14.16;Regional_Finals_2024;2;5;5;2;Blue;00:34:01;Jhin;Rumble;Ivern;Jax;Tristana;Corki;Win;14;8;2;0;17;9;2;3;6;322;10;0;9.5;17238;507;0.271;52;14;18;4;4;1.53;0.41;0.12;0.53;0.161;30613;28745;1868;0;900;0.354;0.35;0.857;0;2;1;0;0;488;-13;-540;-1;0;6847;6847;10212;0;14560;0;3;60;18636;92;5;26;900;300
Aiming;ADCARRY;DK;T1;Gumayusi;12.09.2024;1;1;v14.16;Regional_Finals_2024;2;5;5;2;Blue;00:34:01;Miss_Fortune;Gangplank;KSante;Alistar;Ziggs;Sivir;Win;14;8;2;0;17;3;0;11;Perfect_KDA;326;8;0;9.6;15322;450;0.241;22;9;8;1;1;0.65;0.26;0.03;0.24;0.068;31607;1767;29840;0;929;0.365;0.41;1;0;1;0;0;0;-262;-27;-1620;-1;0;13012;13012;2745;626;6228;0;23;427;11978;0;3;22;100;0
Moham;SUPPORT;DK;T1;Keria;12.09.2024;1;1;v14.16;Regional_Finals_2024;2;5;5;2;Blue;00:34:01;Ashe;Leona;Nautilus;Sivir;Nautilus;Alistar;Win;14;8;2;0;13;0;5;10;2;33;0;0;1;8319;245;0.131;126;64;16;24;22;3.7;1.88;0.71;0.47;0.391;6563;1558;3973;1032;193;0.076;0.29;0.714;0;0;0;0;0;774;5;569;1;0;2592;2592;428;0;25462;0;43;254;20690;114;26;41;0;0
Zeus;TOP;T1;DK;kingen;12.09.2024;1;1;v14.16;Regional_Finals_2024;2;5;5;2;Red;00:34:01;Vi;Azir;Corki;Ziggs;Jax;KSante;Loss;10;4;3;1;17;4;3;3;2.3;269;12;0;7.9;13409;394;0.223;46;19;9;7;7;1.35;0.56;0.21;0.26;0.166;8556;3805;4751;0;252;0.123;0.21;0.7;0;0;1;0;0;-788;-26;-1116;-1;0;5186;5186;4642;0;20893;0;7;193;26006;55;10;32;100;300
Oner;JUNGLE;T1;DK;Lucid;12.09.2024;1;1;v14.16;Regional_Finals_2024;2;5;5;2;Red;00:34:01;Smolder;Sejuani;Maokai;Tristana;Maokai;Ivern;Loss;10;4;3;1;14;1;3;7;2.7;179;157;0;5.3;10046;295;0.167;51;11;15;9;9;1.5;0.32;0.26;0.44;0.184;10600;1150;9354;96;312;0.153;0.24;0.8;0;0;0;0;0;409;23;772;1;0;0;0;22416;0;40666;749;67;607;42098;84;10;28;0;0
Faker;MID;T1;DK;ShowMaker;12.09.2024;1;1;v14.16;Regional_Finals_2024;2;5;5;2;Red;00:34:01;Rumble;Jhin;Jax;Ivern;Corki;Tristana;Loss;10;4;3;1;18;3;2;4;3.5;341;32;0;10;13977;411;0.232;28;10;15;3;1;0.82;0.29;0.09;0.44;0.101;19886;13884;3915;2087;585;0.287;0.21;0.7;0;0;0;0;0;-488;13;540;1;0;937;937;5421;0;9225;0;0;50;15585;105;4;21;200;450
Gumayusi;ADCARRY;T1;DK;Aiming;12.09.2024;1;1;v14.16;Regional_Finals_2024;2;5;5;2;Red;00:34:01;Gangplank;Miss_Fortune;Alistar;KSante;Sivir;Ziggs;Loss;10;4;3;1;17;2;2;7;4.5;375;32;0;11;15402;453;0.256;44;15;15;5;5;1.29;0.44;0.15;0.44;0.159;25078;24880;138;60;737;0.362;0.26;0.9;0;0;0;0;0;262;27;1620;1;0;4094;4094;9010;0;10044;0;0;77;18387;52;6;27;0;600
Keria;SUPPORT;T1;DK;Moham;12.09.2024;1;1;v14.16;Regional_Finals_2024;2;5;5;2;Red;00:34:01;Leona;Ashe;Sivir;Nautilus;Alistar;Nautilus;Loss;10;4;3;1;12;0;4;9;2.3;30;0;0;0.9;7346;216;0.122;108;73;11;21;20;3.17;2.15;0.62;0.32;0.39;5186;637;3843;706;152;0.075;0.26;0.9;0;0;0;0;0;-774;-5;-569;-1;0;0;0;4716;2119;15569;0;35;85;20109;81;23;39;0;0
Zeus;TOP;T1;DK;kingen;12.09.2024;1;1;v14.16;Regional_Finals_2024;3;5;5;3;Blue;00:45:28;Vi;Azir;Rumble;Ziggs;Rumble;KSante;Win;15;9;4;2;18;4;2;7;5.5;376;49;0;8.3;19558;430;0.222;61;19;7;12;12;1.34;0.42;0.26;0.15;0.129;39634;526;37317;1791;872;0.339;0.24;0.733;1;1;0;0;0;975;32;553;1;0;1222;1222;5799;0;25498;0;20;496;22233;89;17;39;700;100
Oner;JUNGLE;T1;DK;Lucid;12.09.2024;1;1;v14.16;Regional_Finals_2024;3;5;5;3;Blue;00:45:28;Nasus;Jhin;Sejuani;Corki;Sejuani;Maokai;Win;15;9;4;2;18;0;1;9;9;236;181;0;5.2;13911;306;0.158;86;20;29;18;18;1.89;0.44;0.4;0.64;0.182;12704;5731;5485;1488;279;0.109;0.2;0.6;0;0;0;0;0;23;17;716;0;0;5236;5236;15766;0;70926;1968;29;453;52657;45;20;37;0;0
Faker;MID;T1;DK;ShowMaker;12.09.2024;1;1;v14.16;Regional_Finals_2024;3;5;5;3;Blue;00:45:28;Smolder;Tristana;Yone;KSante;Yone;Corki;Win;15;9;4;2;18;0;2;7;3.5;440;28;0;9.7;19353;426;0.22;57;9;16;9;7;1.25;0.2;0.2;0.35;0.121;14225;9182;3436;1607;313;0.122;0.15;0.467;0;0;0;0;0;-937;-20;-462;-1;0;4892;4892;15667;0;40694;0;18;283;32178;78;13;39;0;0
Gumayusi;ADCARRY;T1;DK;Aiming;12.09.2024;1;1;v14.16;Regional_Finals_2024;3;5;5;3;Blue;00:45:28;Poppy;Bard;Miss_Fortune;Maokai;Miss_Fortune;Ziggs;Win;15;9;4;2;18;9;1;3;12;550;69;0;12.1;24512;539;0.278;82;14;27;4;3;1.8;0.31;0.09;0.59;0.174;43495;41109;1456;930;957;0.372;0.26;0.8;0;0;0;0;0;-142;-12;-621;0;0;11584;11584;6553;0;29269;0;11;254;11544;28;7;26;600;50
Keria;SUPPORT;T1;DK;Moham;12.09.2024;1;1;v14.16;Regional_Finals_2024;3;5;5;3;Blue;00:45:28;Ivern;Rakan;Alistar;Blitzcrank;Alistar;Blitzcrank;Win;15;9;4;2;15;2;2;11;6.5;42;0;0;0.9;10828;238;0.123;186;107;18;30;30;4.09;2.35;0.66;0.4;0.394;6858;840;4222;1796;151;0.059;0.29;0.867;0;0;0;0;0;96;1;-767;-1;0;0;0;6797;3802;31786;604;32;88;26807;50;33;50;0;0
kingen;TOP;DK;T1;Zeus;12.09.2024;1;1;v14.16;Regional_Finals_2024;3;5;5;3;Red;00:45:28;Azir;Vi;Ziggs;Rumble;KSante;Rumble;Loss;8;5;1;0;18;0;4;3;0.8;271;1;0;6;12889;283;0.172;55;21;9;16;16;1.21;0.46;0.35;0.2;0.114;8201;6170;1032;999;180;0.083;0.07;0.375;0;0;0;0;0;-975;-32;-553;-1;0;3617;3617;3845;0;70775;207;20;475;33605;151;18;38;0;0
Lucid;JUNGLE;DK;T1;Oner;12.09.2024;1;1;v14.16;Regional_Finals_2024;3;5;5;3;Red;00:45:28;Jhin;Nasus;Corki;Sejuani;Maokai;Sejuani;Loss;8;5;1;0;16;2;2;5;3.5;207;170;0;4.6;12824;282;0.171;100;16;30;16;15;2.2;0.35;0.35;0.66;0.207;12455;465;11630;360;274;0.126;0.15;0.875;0;0;0;0;0;-23;-17;-716;0;0;116;116;21191;0;57023;1218;60;661;54534;94;20;37;50;100
ShowMaker;MID;DK;T1;Faker;12.09.2024;1;1;v14.16;Regional_Finals_2024;3;5;5;3;Red;00:45:28;Tristana;Smolder;KSante;Yone;Corki;Yone;Loss;8;5;1;0;18;3;2;2;2.5;502;42;0;11;20767;457;0.276;103;25;24;7;7;2.27;0.55;0.15;0.53;0.214;34300;27055;4364;2881;754;0.348;0.11;0.625;0;0;0;0;0;937;20;462;1;0;6091;6091;9614;0;15483;0;0;97;24679;56;10;34;50;550
Aiming;ADCARRY;DK;T1;Gumayusi;12.09.2024;1;1;v14.16;Regional_Finals_2024;3;5;5;3;Red;00:45:28;Bard;Poppy;Maokai;Miss_Fortune;Ziggs;Miss_Fortune;Loss;8;5;1;0;18;3;2;3;3;500;34;0;11;19353;426;0.258;52;16;10;3;3;1.14;0.35;0.07;0.22;0.108;39076;707;38009;360;859;0.396;0.13;0.75;0;0;0;0;0;142;12;621;0;0;7185;7185;1882;0;7353;0;21;570;15647;56;9;31;50;650
Moham;SUPPORT;DK;T1;Keria;12.09.2024;1;1;v14.16;Regional_Finals_2024;3;5;5;3;Red;00:45:28;Rakan;Ivern;Blitzcrank;Alistar;Blitzcrank;Alistar;Loss;8;5;1;0;13;0;5;7;1.4;35;0;0;0.8;9308;205;0.124;172;105;14;30;30;3.78;2.31;0.66;0.31;0.357;4594;1246;2778;570;101;0.047;0.15;0.875;0;0;0;0;0;-96;-1;767;1;0;382;382;2055;0;16544;0;27;230;23791;152;33;47;0;0
kingen;TOP;DK;T1;Zeus;12.09.2024;1;1;v14.16;Regional_Finals_2024;4;5;5;4;Blue;00:39:23;Azir;Vi;Ziggs;Corki;KSante;Gwen;Win;18;9;4;2;18;3;3;7;3.3;245;0;0;6.2;13475;342;0.18;51;22;10;17;17;1.29;0.56;0.43;0.25;0.134;11568;9056;2017;495;294;0.117;0.25;0.556;0;0;0;0;0;-576;-29;-502;0;0;1082;1082;3348;0;49790;1206;24;465;27201;172;18;40;200;100
Lucid;JUNGLE;DK;T1;Oner;12.09.2024;1;1;v14.16;Regional_Finals_2024;4;5;5;4;Blue;00:39:23;Sejuani;Smolder;Maokai;Miss_Fortune;Maokai;Lillia;Win;18;9;4;2;17;5;3;10;5;194;175;0;4.9;13609;346;0.182;60;22;12;21;20;1.52;0.56;0.53;0.3;0.157;14922;881;13753;288;379;0.151;0.38;0.833;0;0;0;0;0;-462;-43;-1603;-1;0;348;348;26709;0;60117;390;59;622;57769;117;24;45;600;150
ShowMaker;MID;DK;T1;Faker;12.09.2024;1;1;v14.16;Regional_Finals_2024;4;5;5;4;Blue;00:39:23;Jhin;Rumble;Tristana;Lillia;Tristana;Corki;Win;18;9;4;2;18;7;3;6;4.3;386;24;0;9.8;19261;489;0.257;47;16;6;4;4;1.19;0.41;0.1;0.15;0.123;28580;26480;2100;0;726;0.289;0.33;0.722;0;0;0;0;0;32;7;356;1;0;13369;13369;14024;0;16905;0;7;103;24523;129;5;28;50;450
Aiming;ADCARRY;DK;T1;Gumayusi;12.09.2024;1;1;v14.16;Regional_Finals_2024;4;5;5;4;Blue;00:39:23;Gnar;Jax;KSante;Nautilus;Ziggs;Miss_Fortune;Win;18;9;4;2;18;3;1;8;11;422;15;0;10.7;18811;478;0.251;39;19;9;8;7;0.99;0.48;0.2;0.23;0.102;38533;737;37771;25;978;0.39;0.28;0.611;0;1;0;0;0;23;-8;-616;0;0;10022;10022;2064;0;6056;0;21;467;10190;60;11;34;100;350
Moham;SUPPORT;DK;T1;Keria;12.09.2024;1;1;v14.16;Regional_Finals_2024;4;5;5;4;Blue;00:39:23;Leona;Camille;Rell;Gwen;Rell;Nautilus;Win;18;9;4;2;14;0;3;11;3.7;50;0;0;1.3;9772;248;0.13;185;91;27;25;25;4.7;2.31;0.63;0.69;0.484;5235;505;3602;1128;133;0.053;0.28;0.611;0;0;0;0;0;-515;4;-227;0;0;438;438;2039;0;20713;0;28;60;24639;66;28;43;0;0
Zeus;TOP;T1;DK;kingen;12.09.2024;1;1;v14.16;Regional_Finals_2024;4;5;5;4;Red;00:39:23;Vi;Azir;Corki;Ziggs;Gwen;KSante;Loss;13;3;1;0;18;1;4;7;2;348;20;0;8.8;15937;405;0.225;35;10;8;5;4;0.89;0.25;0.13;0.2;0.098;21037;1850;15611;3576;534;0.236;0.2;0.615;1;0;0;0;0;576;29;502;0;0;5963;5963;4975;0;30469;0;5;194;29303;187;8;30;350;200
Oner;JUNGLE;T1;DK;Lucid;12.09.2024;1;1;v14.16;Regional_Finals_2024;4;5;5;4;Red;00:39:23;Smolder;Sejuani;Miss_Fortune;Maokai;Lillia;Maokai;Loss;13;3;1;0;17;2;3;6;2.7;287;242;0;7.3;13568;345;0.191;61;8;17;7;6;1.55;0.2;0.18;0.43;0.17;17459;495;13824;3140;443;0.196;0.2;0.615;0;0;0;0;0;462;43;1603;1;0;0;0;28247;0;29050;0;23;557;43200;146;8;25;0;50
Faker;MID;T1;DK;ShowMaker;12.09.2024;1;1;v14.16;Regional_Finals_2024;4;5;5;4;Red;00:39:23;Rumble;Jhin;Lillia;Tristana;Corki;Tristana;Loss;13;3;1;0;18;3;3;6;3;345;23;0;8.8;15201;386;0.215;57;18;14;6;6;1.45;0.46;0.15;0.36;0.159;23061;16835;3488;2738;586;0.259;0.23;0.692;1;0;0;0;0;-32;-7;-356;-1;0;690;690;6380;0;12988;0;2;67;20846;55;7;26;250;200
Gumayusi;ADCARRY;T1;DK;Aiming;12.09.2024;1;1;v14.16;Regional_Finals_2024;4;5;5;4;Red;00:39:23;Jax;Gnar;Nautilus;KSante;Miss_Fortune;Ziggs;Loss;13;3;1;0;18;6;3;2;2.7;425;25;0;10.8;17833;453;0.252;62;19;19;6;5;1.57;0.48;0.15;0.48;0.173;22909;21458;1324;127;582;0.257;0.2;0.615;0;0;0;0;0;-23;8;616;0;0;1306;1306;9327;0;26418;0;9;192;18695;85;7;29;450;500
Keria;SUPPORT;T1;DK;Moham;12.09.2024;1;1;v14.16;Regional_Finals_2024;4;5;5;4;Red;00:39:23;Camille;Leona;Gwen;Rell;Nautilus;Rell;Loss;13;3;1;0;12;1;5;7;1.6;30;0;0;0.8;8326;211;0.117;143;92;14;26;25;3.63;2.34;0.66;0.36;0.399;4576;1160;2311;1105;116;0.051;0.2;0.615;1;0;0;0;0;515;-4;227;0;0;364;364;733;0;27614;0;39;167;24279;181;28;43;0;0
Zeus;TOP;T1;DK;kingen;12.09.2024;1;1;v14.16;Regional_Finals_2024;5;5;5;5;Blue;00:31:00;Vi;Azir;Ashe;Lillia;KSante;Gnar;Loss;6;3;1;0;15;0;5;2;0.4;228;0;0;7.4;10450;337;0.202;35;11;8;7;6;1.13;0.35;0.23;0.26;0.123;7287;6225;735;327;235;0.13;0.06;0.333;0;0;0;0;0;-266;19;696;0;0;2184;2184;1353;0;32686;161;18;1927;22747;139;8;28;0;0
Oner;JUNGLE;T1;DK;Lucid;12.09.2024;1;1;v14.16;Regional_Finals_2024;5;5;5;5;Blue;00:31:00;Smolder;Rumble;Zyra;Miss_Fortune;Zyra;Lillia;Loss;6;3;1;0;15;2;2;2;2;245;208;0;7.9;10881;351;0.21;75;29;19;5;4;2.42;0.94;0.16;0.61;0.264;15937;303;13676;1958;514;0.283;0.13;0.667;0;0;0;0;0;404;32;1355;1;0;511;511;7196;0;8233;0;21;511;14496;42;6;25;0;100
Faker;MID;T1;DK;ShowMaker;12.09.2024;1;1;v14.16;Regional_Finals_2024;5;5;5;5;Blue;00:31:00;Maokai;Ziggs;Corki;Leona;Corki;LeBlanc;Loss;6;3;1;0;16;2;1;1;3;304;20;0;9.8;11862;383;0.229;28;13;9;6;6;0.9;0.42;0.19;0.29;0.099;14943;11116;2675;1152;482;0.266;0.1;0.5;0;0;0;0;0;-360;12;585;1;0;5017;5017;6137;0;9719;0;0;37;16691;0;7;22;0;150
Gumayusi;ADCARRY;T1;DK;Aiming;12.09.2024;1;1;v14.16;Regional_Finals_2024;5;5;5;5;Blue;00:31:00;Tristana;Braum;KSante;LeBlanc;Ashe;Miss_Fortune;Loss;6;3;1;0;14;0;4;4;1;270;5;0;8.7;11218;362;0.217;33;8;9;2;2;1.06;0.26;0.06;0.29;0.116;10404;8692;1712;0;336;0.185;0.13;0.667;0;0;0;0;0;203;-12;-131;0;0;2138;2138;3105;0;8648;0;29;560;15044;120;4;23;0;50
Keria;SUPPORT;T1;DK;Moham;12.09.2024;1;1;v14.16;Regional_Finals_2024;5;5;5;5;Blue;00:31:00;Gangplank;Alistar;Poppy;Gnar;Poppy;Leona;Loss;6;3;1;0;10;2;3;3;1.7;32;1;0;1;7368;238;0.142;113;74;13;22;22;3.65;2.39;0.71;0.42;0.398;7668;5410;1372;886;247;0.136;0.16;0.833;0;0;0;0;0;630;-9;-22;0;0;2260;2260;805;0;12576;0;29;162;15315;79;24;37;0;100
kingen;TOP;DK;T1;Zeus;12.09.2024;1;1;v14.16;Regional_Finals_2024;5;5;5;5;Red;00:31:00;Azir;Vi;Lillia;Ashe;Gnar;KSante;Win;15;8;3;1;16;2;1;7;9;207;8;0;6.7;11917;384;0.2;37;9;14;3;3;1.19;0.29;0.1;0.45;0.118;12340;10739;1483;118;398;0.183;0.29;0.6;0;1;0;0;0;266;-19;-696;0;0;6874;6874;5328;0;10735;0;19;382;13509;12;4;22;150;0
Lucid;JUNGLE;DK;T1;Oner;12.09.2024;1;1;v14.16;Regional_Finals_2024;5;5;5;5;Red;00:31:00;Rumble;Smolder;Miss_Fortune;Zyra;Lillia;Zyra;Win;15;8;3;1;16;2;0;7;Perfect_KDA;213;184;0;6.9;11915;384;0.2;44;11;15;9;9;1.42;0.35;0.29;0.48;0.14;12868;469;10094;2305;415;0.19;0.29;0.6;0;0;0;0;0;-404;-32;-1355;-1;0;1721;1721;26642;0;21153;0;22;303;34041;0;10;25;100;0
ShowMaker;MID;DK;T1;Faker;12.09.2024;1;1;v14.16;Regional_Finals_2024;5;5;5;5;Red;00:31:00;Ziggs;Maokai;Leona;Corki;LeBlanc;Corki;Win;15;8;3;1;16;3;2;4;3.5;247;0;0;8;12261;396;0.206;43;16;9;6;5;1.39;0.52;0.19;0.29;0.137;14879;1138;12477;1264;480;0.22;0.23;0.467;1;0;0;0;0;360;-12;-585;-1;0;3067;3067;3703;0;8979;0;8;61;16911;69;9;24;0;0
Aiming;ADCARRY;DK;T1;Gumayusi;12.09.2024;1;1;v14.16;Regional_Finals_2024;5;5;5;5;Red;00:31:00;Braum;Tristana;LeBlanc;KSante;Miss_Fortune;Ashe;Win;15;8;3;1;17;8;0;3;Perfect_KDA;334;8;0;10.8;15651;505;0.262;47;16;14;6;6;1.52;0.52;0.19;0.45;0.15;22997;21671;650;676;742;0.34;0.35;0.733;0;3;0;0;0;-203;12;131;0;0;6197;6197;6254;0;16233;0;8;152;10336;0;6;25;150;0
Moham;SUPPORT;DK;T1;Keria;12.09.2024;1;1;v14.16;Regional_Finals_2024;5;5;5;5;Red;00:31:00;Alistar;Gangplank;Gnar;Poppy;Leona;Poppy;Win;15;8;3;1;12;0;3;8;2.7;49;0;0;1.6;7917;255;0.133;143;81;25;26;26;4.61;2.61;0.84;0.81;0.455;4489;911;2634;944;145;0.066;0.26;0.533;0;0;0;0;0;-630;9;22;0;0;1106;1106;1251;0;12224;0;27;68;16468;58;28;40;0;0
PerfecT;TOP;KT;FOX;Clear;13.09.2024;1;2;v14.16;Regional_Finals_2024;1;3;5;1;Blue;00:44:00;Vi;Rumble;Ziggs;Corki;Jax;KSante;Win;10;8;2;1;18;2;1;3;5;394;5;0;9;18148;412;0.235;60;23;14;7;7;1.36;0.52;0.16;0.32;0.127;8542;3373;4881;288;194;0.081;0.11;0.5;0;0;0;0;0;-312;3;-331;-1;0;9896;9896;4163;0;27643;0;7;264;24863;38;8;25;400;50
Pyosik;JUNGLE;KT;FOX;Raptor;13.09.2024;1;2;v14.16;Regional_Finals_2024;1;3;5;1;Blue;00:44:00;Lillia;Smolder;Sejuani;Maokai;Sejuani;Maokai;Win;10;8;2;1;16;1;2;4;2.5;203;171;0;4.6;12109;275;0.157;144;58;27;15;15;3.27;1.32;0.34;0.61;0.306;11158;5670;5288;200;254;0.106;0.11;0.5;0;0;0;0;0;165;0;193;1;0;183;183;17697;378;56389;0;29;500;48722;69;16;34;0;0
Bdd;MID;KT;FOX;Clozer;13.09.2024;1;2;v14.16;Regional_Finals_2024;1;3;5;1;Blue;00:44:00;Ashe;Ivern;Jax;KSante;Tristana;Corki;Win;10;8;2;1;18;4;0;4;Perfect_KDA;449;53;0;10.2;19181;436;0.249;73;24;15;8;8;1.66;0.55;0.18;0.34;0.155;29601;28173;780;648;673;0.282;0.18;0.8;0;1;0;0;0;476;2;106;1;0;9230;9230;13980;0;19262;0;6;169;20978;0;10;33;0;0
Deft;ADCARRY;KT;FOX;Hena;13.09.2024;1;2;v14.16;Regional_Finals_2024;1;3;5;1;Blue;00:44:00;Jhin;Yone;Tristana;Poppy;Ziggs;Seraphine;Win;10;8;2;1;18;3;0;5;Perfect_KDA;423;19;0;9.6;18353;417;0.238;52;17;10;2;2;1.18;0.39;0.05;0.23;0.11;51640;1063;50577;0;1174;0.492;0.18;0.8;0;0;0;0;0;250;12;1074;1;0;4573;4573;1748;0;8660;0;18;499;14389;0;4;22;50;0
BeryL;SUPPORT;KT;FOX;Duro;13.09.2024;1;2;v14.16;Regional_Finals_2024;1;3;5;1;Blue;00:44:00;Miss_Fortune;Azir;Alistar;Seraphine;Alistar;Poppy;Win;10;8;2;1;14;0;1;10;10;36;0;0;0.8;9392;213;0.122;142;81;11;24;24;3.23;1.84;0.55;0.25;0.301;4005;337;2864;804;91;0.038;0.23;1;0;0;0;0;0;-59;7;510;0;0;0;0;9799;4912;27611;1506;35;135;20627;16;27;43;0;0
Clear;TOP;FOX;KT;PerfecT;13.09.2024;1;2;v14.16;Regional_Finals_2024;1;3;5;1;Red;00:44:00;Rumble;Vi;Corki;Ziggs;KSante;Jax;Loss;4;2;4;0;18;2;1;1;3;360;8;0;8.2;15245;346;0.223;35;13;15;9;8;0.8;0.3;0.2;0.34;0.088;14331;8626;4830;875;326;0.164;0.07;0.75;0;0;0;0;0;312;-3;331;1;0;326;326;10542;0;68842;520;27;1308;38415;0;11;31;50;50
Raptor;JUNGLE;FOX;KT;Pyosik;13.09.2024;1;2;v14.16;Regional_Finals_2024;1;3;5;1;Red;00:44:00;Smolder;Lillia;Maokai;Sejuani;Maokai;Sejuani;Loss;4;2;4;0;14;0;3;3;1;211;172;0;4.8;10883;247;0.159;79;17;35;16;16;1.8;0.39;0.36;0.8;0.199;13400;302;13098;0;305;0.154;0.07;0.75;0;0;0;0;0;-165;0;-193;-1;0;0;0;22291;0;40427;647;59;623;48111;122;18;35;0;0
Clozer;MID;FOX;KT;Bdd;13.09.2024;1;2;v14.16;Regional_Finals_2024;1;3;5;1;Red;00:44:00;Ivern;Ashe;KSante;Jax;Corki;Tristana;Loss;4;2;4;0;18;0;2;3;1.5;535;50;0;12.2;18830;428;0.275;67;15;28;5;4;1.52;0.34;0.11;0.64;0.169;28612;20685;5207;2720;650;0.328;0.07;0.75;0;0;0;0;0;-476;-2;-106;-1;0;4004;4004;9860;0;14297;0;2;178;24555;61;7;31;0;400
Hena;ADCARRY;FOX;KT;Deft;13.09.2024;1;2;v14.16;Regional_Finals_2024;1;3;5;1;Red;00:44:00;Yone;Jhin;Poppy;Tristana;Seraphine;Ziggs;Loss;4;2;4;0;18;2;2;2;2;348;20;0;7.9;14962;340;0.219;44;25;5;10;10;1;0.57;0.23;0.11;0.111;24625;890;23735;0;560;0.283;0.09;1;1;0;0;0;0;-250;-12;-1074;-1;0;0;0;6168;3356;13563;6942;45;740;15668;28;12;32;0;0
Duro;SUPPORT;FOX;KT;BeryL;13.09.2024;1;2;v14.16;Regional_Finals_2024;1;3;5;1;Red;00:44:00;Azir;Miss_Fortune;Seraphine;Alistar;Poppy;Alistar;Loss;4;2;4;0;13;0;2;2;1;29;0;0;0.7;8531;194;0.125;172;88;15;28;25;3.91;2;0.64;0.34;0.433;6166;4604;1114;448;140;0.071;0.05;0.5;0;0;0;0;0;59;-7;-510;0;0;1162;1162;1787;0;14771;0;30;137;17102;31;30;45;0;0
Clear;TOP;FOX;KT;PerfecT;13.09.2024;1;2;v14.16;Regional_Finals_2024;2;3;5;2;Blue;00:30:26;Ivern;Rumble;Ziggs;Jhin;Gnar;KSante;Loss;7;2;1;0;15;0;4;2;0.5;222;16;0;7.3;9495;312;0.196;14;5;2;1;1;0.46;0.16;0.03;0.07;0.068;8135;7333;802;0;267;0.115;0.07;0.286;0;0;0;0;0;-1422;-43;-1651;-2;0;891;891;4686;0;15080;0;13;347;19415;167;2;23;0;0
Raptor;JUNGLE;FOX;KT;Pyosik;13.09.2024;1;2;v14.16;Regional_Finals_2024;2;3;5;2;Blue;00:30:26;Tristana;Smolder;Skarner;Lillia;Skarner;Lillia;Loss;7;2;1;0;13;0;4;5;1.3;153;131;0;5;8653;284;0.179;42;8;10;8;7;1.38;0.26;0.26;0.33;0.203;11749;7628;3881;240;386;0.167;0.16;0.714;0;0;0;0;0;-477;-30;-1253;-1;0;1064;1064;12853;0;43359;0;32;571;35394;86;9;23;0;0
Clozer;MID;FOX;KT;Bdd;13.09.2024;1;2;v14.16;Regional_Finals_2024;2;3;5;2;Blue;00:30:26;Maokai;Vi;Corki;KSante;Corki;Yone;Loss;7;2;1;0;16;3;3;3;2;295;13;0;9.7;12520;411;0.259;44;14;15;6;4;1.45;0.46;0.2;0.49;0.213;21278;14383;4784;2111;699;0.302;0.2;0.857;0;0;0;0;0;1159;24;467;0;0;250;250;3112;0;10094;0;0;36;15421;57;9;28;200;100
Hena;ADCARRY;FOX;KT;Deft;13.09.2024;1;2;v14.16;Regional_Finals_2024;2;3;5;2;Blue;00:30:26;Azir;Camille;Alistar;Rell;Ziggs;Jhin;Loss;7;2;1;0;15;4;4;3;1.8;247;2;0;8.1;11516;378;0.238;19;15;2;5;5;0.62;0.49;0.16;0.07;0.092;25226;858;24368;0;829;0.358;0.23;1;0;0;0;0;0;-286;-15;-348;0;0;4267;4267;63;0;10056;0;17;272;15474;134;8;25;0;300
Duro;SUPPORT;FOX;KT;BeryL;13.09.2024;1;2;v14.16;Regional_Finals_2024;2;3;5;2;Blue;00:30:26;Poppy;Jax;Gnar;Yone;Alistar;Rell;Loss;7;2;1;0;10;0;4;6;1.5;14;0;0;0.5;6200;204;0.128;88;51;4;17;17;2.89;1.68;0.56;0.13;0.425;4145;535;2900;710;136;0.059;0.2;0.857;0;0;0;0;0;210;-10;-472;0;0;657;657;4334;2010;19736;0;34;61;19499;115;19;31;0;0
PerfecT;TOP;KT;FOX;Clear;13.09.2024;1;2;v14.16;Regional_Finals_2024;2;3;5;2;Red;00:30:26;Rumble;Ivern;Jhin;Ziggs;KSante;Gnar;Win;19;9;3;1;16;4;1;11;15;226;0;0;7.4;12428;408;0.204;47;15;11;11;10;1.54;0.49;0.36;0.36;0.191;15015;12090;1439;1486;493;0.187;0.49;0.789;0;1;0;0;0;1422;43;1651;2;0;5727;5727;7186;0;43592;695;29;1716;26776;52;12;29;100;200
Pyosik;JUNGLE;KT;FOX;Raptor;13.09.2024;1;2;v14.16;Regional_Finals_2024;2;3;5;2;Red;00:30:26;Smolder;Tristana;Lillia;Skarner;Lillia;Skarner;Win;19;9;3;1;16;4;1;9;13;230;209;0;7.6;12475;410;0.205;42;12;8;9;8;1.38;0.39;0.3;0.26;0.171;19998;368;16311;3319;657;0.249;0.43;0.684;0;1;0;0;0;477;30;1253;1;0;2313;2313;24590;0;21192;0;22;446;32461;42;10;23;0;0
Bdd;MID;KT;FOX;Clozer;13.09.2024;1;2;v14.16;Regional_Finals_2024;2;3;5;2;Red;00:30:26;Vi;Maokai;KSante;Corki;Yone;Corki;Win;19;9;3;1;17;1;2;10;5.5;270;14;0;8.9;11661;383;0.191;24;7;3;5;5;0.79;0.23;0.16;0.1;0.098;12188;7673;2649;1866;400;0.152;0.36;0.579;0;0;0;0;0;-1159;-24;-467;0;0;2248;2248;9323;0;16392;0;16;187;18386;53;6;18;0;0
Deft;ADCARRY;KT;FOX;Hena;13.09.2024;1;2;v14.16;Regional_Finals_2024;2;3;5;2;Red;00:30:26;Camille;Azir;Rell;Alistar;Jhin;Ziggs;Win;19;9;3;1;17;10;0;8;Perfect_KDA;308;4;0;10.1;16600;545;0.273;37;16;6;5;5;1.22;0.53;0.16;0.2;0.15;28149;25989;1820;340;925;0.351;0.59;0.947;1;1;1;0;0;286;15;348;0;0;12594;12594;5976;0;5927;0;37;129;12584;0;5;24;300;0
BeryL;SUPPORT;KT;FOX;Duro;13.09.2024;1;2;v14.16;Regional_Finals_2024;2;3;5;2;Red;00:30:26;Jax;Poppy;Yone;Gnar;Rell;Alistar;Win;19;9;3;1;12;0;3;14;4.7;32;1;0;1.1;7750;255;0.127;96;46;10;13;12;3.15;1.51;0.43;0.33;0.39;4842;1184;3054;604;159;0.06;0.46;0.737;0;0;0;0;0;-210;10;472;0;0;1153;1153;1564;0;15067;0;23;63;18316;46;15;34;0;0
Clear;TOP;FOX;KT;PerfecT;13.09.2024;1;2;v14.16;Regional_Finals_2024;3;3;5;3;Blue;00:32:35;Tristana;Rumble;Ziggs;Jhin;Renekton;KSante;Loss;13;3;1;0;16;1;4;2;0.8;247;4;0;7.6;11579;355;0.205;36;10;8;6;4;1.1;0.31;0.18;0.25;0.136;12306;10510;1706;90;378;0.127;0.09;0.231;0;0;0;0;0;1325;19;834;1;0;2169;2169;6474;0;30755;0;18;53;28550;134;7;27;200;100
Raptor;JUNGLE;FOX;KT;Pyosik;13.09.2024;1;2;v14.16;Regional_Finals_2024;3;3;5;3;Blue;00:32:35;Maokai;Smolder;Skarner;Lillia;Skarner;Lillia;Loss;13;3;1;0;13;1;5;10;2.2;152;131;0;4.7;9062;278;0.16;52;10;14;8;8;1.6;0.31;0.25;0.43;0.196;12502;7750;4516;236;384;0.129;0.34;0.846;0;0;0;0;0;118;5;-203;0;0;301;301;15045;0;58461;0;28;604;44514;137;10;25;0;0
Clozer;MID;FOX;KT;Bdd;13.09.2024;1;2;v14.16;Regional_Finals_2024;3;3;5;3;Blue;00:32:35;Ivern;Vi;Corki;KSante;Corki;Yone;Loss;13;3;1;0;16;6;6;4;1.7;329;24;0;10.1;15355;471;0.272;33;11;11;0;0;1.01;0.34;0;0.34;0.125;29341;20021;5451;3869;900;0.302;0.31;0.769;0;1;0;0;0;97;8;-1147;-1;0;5582;5582;4973;0;14650;0;0;72;23938;177;1;23;350;350
Hena;ADCARRY;FOX;KT;Deft;13.09.2024;1;2;v14.16;Regional_Finals_2024;3;3;5;3;Blue;00:32:35;Azir;Camille;Renekton;Yone;Ziggs;Jhin;Loss;13;3;1;0;15;5;3;6;3.7;266;14;0;8.2;13318;409;0.236;33;15;6;5;5;1.01;0.46;0.15;0.18;0.125;37563;782;36379;402;1153;0.386;0.34;0.846;0;0;0;0;0;815;-5;-195;0;0;2850;2850;2082;0;6647;0;24;318;12114;67;9;26;250;100
Duro;SUPPORT;FOX;KT;BeryL;13.09.2024;1;2;v14.16;Regional_Finals_2024;3;3;5;3;Blue;00:32:35;Rell;Jax;Leona;Poppy;Leona;Poppy;Loss;13;3;1;0;12;0;8;8;1;26;0;0;0.8;7200;221;0.127;111;53;14;22;21;3.41;1.63;0.68;0.43;0.419;5548;1114;3255;1179;170;0.057;0.25;0.615;0;0;0;0;0;-516;-12;-250;0;0;1704;1704;1814;0;25450;0;34;58;28983;217;24;38;0;0
PerfecT;TOP;KT;FOX;Clear;13.09.2024;1;2;v14.16;Regional_Finals_2024;3;3;5;3;Red;00:32:35;Rumble;Tristana;Jhin;Ziggs;KSante;Renekton;Win;26;10;4;1;16;2;1;13;15;216;0;0;6.6;11795;362;0.177;51;15;9;11;11;1.57;0.46;0.34;0.28;0.167;11115;7419;2478;1218;341;0.108;0.46;0.577;0;0;0;0;0;-1325;-19;-834;-1;0;1684;1684;5130;0;44867;838;21;448;25459;49;13;31;0;0
Pyosik;JUNGLE;KT;FOX;Raptor;13.09.2024;1;2;v14.16;Regional_Finals_2024;3;3;5;3;Red;00:32:35;Smolder;Maokai;Lillia;Skarner;Lillia;Skarner;Win;26;10;4;1;16;6;3;9;5;208;180;0;6.4;13421;412;0.202;39;10;7;9;7;1.2;0.31;0.28;0.21;0.127;21664;481;17512;3671;665;0.211;0.46;0.577;0;0;0;0;0;-118;-5;203;0;1;2635;2635;22306;0;20564;0;20;434;35081;103;10;26;300;100
Bdd;MID;KT;FOX;Clozer;13.09.2024;1;2;v14.16;Regional_Finals_2024;3;3;5;3;Red;00:32:35;Vi;Ivern;KSante;Corki;Yone;Corki;Win;26;10;4;1;18;10;2;12;11;297;20;0;9.1;16835;517;0.253;38;11;10;7;7;1.17;0.34;0.21;0.31;0.124;39287;26503;6536;6248;1206;0.383;0.68;0.846;0;2;0;0;0;-97;-8;1147;1;0;10061;10061;14659;0;33116;0;40;359;30164;57;8;28;200;200
Deft;ADCARRY;KT;FOX;Hena;13.09.2024;1;2;v14.16;Regional_Finals_2024;3;3;5;3;Red;00:32:35;Camille;Azir;Yone;Renekton;Jhin;Ziggs;Win;26;10;4;1;17;5;3;14;6.3;325;11;0;10;15705;482;0.236;47;14;12;3;3;1.44;0.43;0.09;0.37;0.154;21808;18506;2648;654;669;0.212;0.58;0.731;0;0;0;0;0;-815;5;195;0;0;5291;5291;6846;0;9523;0;18;96;17895;116;4;25;0;450
BeryL;SUPPORT;KT;FOX;Duro;13.09.2024;1;2;v14.16;Regional_Finals_2024;3;3;5;3;Red;00:32:35;Jax;Rell;Poppy;Leona;Poppy;Leona;Win;26;10;4;1;12;3;4;12;3.8;38;0;0;1.2;8849;272;0.133;131;63;17;19;18;4.02;1.93;0.58;0.52;0.428;8775;6910;823;1042;269;0.085;0.46;0.577;0;0;0;0;0;516;12;250;0;0;3159;3159;2494;0;20885;0;34;227;23547;114;21;37;50;50
Zeus;TOP;T1;KT;PerfecT;14.09.2024;2;3;v14.16;Regional_Finals_2024;1;5;5;1;Blue;00:26:36;Maokai;Rumble;Ziggs;Miss_Fortune;Vayne;KSante;Win;13;11;3;1;15;3;3;4;2.3;233;20;0;8.8;11100;417;0.201;34;11;4;2;2;1.28;0.41;0.08;0.15;0.143;9139;8132;0;1007;344;0.114;0.26;0.538;0;1;0;0;0;1704;42;878;1;0;5180;5180;4838;0;9156;0;3;100;16025;68;6;32;0;250
Oner;JUNGLE;T1;KT;Pyosik;14.09.2024;2;3;v14.16;Regional_Finals_2024;1;5;5;1;Blue;00:26:36;Jhin;Vi;Azir;Lillia;Skarner;Lillia;Win;13;11;3;1;13;0;1;9;9;165;145;0;6.2;9201;346;0.166;48;9;15;7;7;1.8;0.34;0.26;0.56;0.202;6723;4948;1563;212;253;0.084;0.34;0.692;0;0;0;0;0;-647;-10;-564;0;0;2993;2993;11958;0;36257;0;16;529;23387;25;8;21;0;0
Faker;MID;T1;KT;Bdd;14.09.2024;2;3;v14.16;Regional_Finals_2024;1;5;5;1;Blue;00:26:36;Smolder;Sejuani;Skarner;Yone;Azir;Yone;Win;13;11;3;1;16;3;0;4;Perfect_KDA;257;4;0;9.7;12043;453;0.218;41;10;9;1;1;1.54;0.38;0.04;0.34;0.172;21525;256;21092;177;809;0.268;0.26;0.538;0;0;0;0;0;28;5;-70;0;0;5885;5885;3884;0;8701;0;9;193;8815;0;3;16;0;0
Gumayusi;ADCARRY;T1;KT;Deft;14.09.2024;2;3;v14.16;Regional_Finals_2024;1;5;5;1;Blue;00:26:36;Jax;Camille;Vayne;KSante;Ziggs;Miss_Fortune;Win;13;11;3;1;15;4;1;4;8;274;6;0;10.3;13921;523;0.252;26;9;2;4;4;0.98;0.34;0.15;0.08;0.109;34655;675;33980;0;1303;0.432;0.3;0.615;0;0;0;0;0;2854;33;1670;2;0;10942;10942;536;0;2936;0;15;308;6214;32;6;19;0;350
Keria;SUPPORT;T1;KT;BeryL;14.09.2024;2;3;v14.16;Regional_Finals_2024;1;5;5;1;Blue;00:26:36;Rell;Olaf;Poppy;Senna;Poppy;Senna;Win;13;11;3;1;11;3;1;8;11;34;0;0;1.3;9026;339;0.163;89;43;11;14;14;3.35;1.62;0.53;0.41;0.374;8213;6467;1176;570;309;0.102;0.41;0.846;1;0;0;0;0;1259;-3;-138;0;0;6958;6958;1585;0;12510;0;30;181;14949;16;16;30;0;0
PerfecT;TOP;KT;T1;Zeus;14.09.2024;2;3;v14.16;Regional_Finals_2024;1;5;5;1;Red;00:26:36;Rumble;Maokai;Miss_Fortune;Ziggs;KSante;Vayne;Loss;6;0;0;0;13;1;2;1;1;144;0;0;5.4;7128;268;0.17;21;10;3;4;3;0.79;0.38;0.15;0.11;0.114;3621;2996;519;106;136;0.085;0.08;0.333;0;0;0;0;0;-1704;-42;-878;-1;0;0;0;917;0;16557;332;12;1339;16384;10;5;22;0;0
Pyosik;JUNGLE;KT;T1;Oner;14.09.2024;2;3;v14.16;Regional_Finals_2024;1;5;5;1;Red;00:26:36;Vi;Jhin;Lillia;Azir;Lillia;Skarner;Loss;6;0;0;0;13;2;2;4;3;162;141;0;6.1;8874;334;0.212;24;6;5;5;4;0.9;0.23;0.19;0.19;0.13;10032;321;8291;1420;377;0.234;0.23;1;0;0;0;0;0;647;10;564;0;0;0;0;18025;0;17419;0;11;389;30235;28;6;19;450;0
Bdd;MID;KT;T1;Faker;14.09.2024;2;3;v14.16;Regional_Finals_2024;1;5;5;1;Red;00:26:36;Sejuani;Smolder;Yone;Skarner;Yone;Azir;Loss;6;0;0;0;15;2;1;4;6;238;8;0;8.9;9765;367;0.233;16;8;1;5;5;0.6;0.3;0.19;0.04;0.086;11982;8108;2520;1354;450;0.28;0.23;1;0;0;0;0;0;-28;-5;70;0;0;0;0;8123;0;17804;0;11;158;24457;0;6;23;150;0
Deft;ADCARRY;KT;T1;Gumayusi;14.09.2024;2;3;v14.16;Regional_Finals_2024;1;5;5;1;Red;00:26:36;Camille;Jax;KSante;Vayne;Miss_Fortune;Ziggs;Loss;6;0;0;0;14;1;4;2;0.8;249;2;0;9.4;9869;371;0.236;34;15;3;8;6;1.28;0.56;0.3;0.11;0.184;10734;10106;556;72;404;0.251;0.11;0.5;0;0;0;0;0;-2854;-33;-1670;-2;0;32;32;3220;0;11060;0;5;91;14531;63;9;26;0;0
BeryL;SUPPORT;KT;T1;Keria;14.09.2024;2;3;v14.16;Regional_Finals_2024;1;5;5;1;Red;00:26:36;Olaf;Rell;Senna;Poppy;Senna;Poppy;Loss;6;0;0;0;11;0;4;4;1;34;0;0;1.3;6245;235;0.149;90;40;15;13;13;3.38;1.5;0.49;0.56;0.486;6449;6329;120;0;242;0.151;0.15;0.667;0;0;0;0;0;-1259;3;138;0;0;6;6;13458;7362;6577;2481;29;163;15473;62;15;28;0;0
PerfecT;TOP;KT;T1;Zeus;14.09.2024;2;3;v14.16;Regional_Finals_2024;2;5;5;2;Blue;00:31:47;Azir;Smolder;Rumble;Nasus;Rumble;Ornn;Win;25;8;3;1;17;6;2;11;8.5;218;0;0;6.9;12387;390;0.199;38;20;3;10;9;1.2;0.63;0.31;0.09;0.123;27913;844;26958;111;878;0.256;0.53;0.68;0;1;0;0;0;341;7;24;0;0;5820;5820;3908;0;16654;0;15;304;15610;61;12;26;0;100
Pyosik;JUNGLE;KT;T1;Oner;14.09.2024;2;3;v14.16;Regional_Finals_2024;2;5;5;2;Blue;00:31:47;Sejuani;Lillia;Skarner;Vi;Skarner;Vi;Win;25;8;3;1;16;3;1;17;20;188;163;0;5.9;11891;374;0.191;53;12;20;12;10;1.67;0.38;0.38;0.63;0.172;15096;8712;6066;318;475;0.139;0.63;0.8;0;0;0;0;0;-950;-6;-575;0;1;1933;1933;11768;0;62489;0;49;662;26718;25;13;29;200;0
Bdd;MID;KT;T1;Faker;14.09.2024;2;3;v14.16;Regional_Finals_2024;2;5;5;2;Blue;00:31:47;Tristana;Maokai;Yone;Ornn;Yone;Nasus;Win;25;8;3;1;17;7;2;10;8.5;273;8;0;8.6;13738;432;0.221;38;8;6;6;6;1.2;0.25;0.19;0.19;0.123;30288;22000;4212;4076;953;0.278;0.53;0.68;1;1;0;0;0;1011;37;926;1;0;5222;5222;12501;0;29947;0;23;228;25794;85;8;27;0;550
Deft;ADCARRY;KT;T1;Gumayusi;14.09.2024;2;3;v14.16;Regional_Finals_2024;2;5;5;2;Blue;00:31:47;Poppy;Jhin;Rell;Ziggs;Kaisa;Ziggs;Win;25;8;3;1;17;7;2;6;6.5;329;36;0;10.4;15473;487;0.249;58;15;10;4;4;1.82;0.47;0.13;0.31;0.188;28622;10106;18136;380;901;0.263;0.41;0.52;0;0;1;0;0;-373;3;-929;0;0;6520;6520;5424;0;10107;0;3;83;16100;53;5;26;0;50
BeryL;SUPPORT;KT;T1;Keria;14.09.2024;2;3;v14.16;Regional_Finals_2024;2;5;5;2;Blue;00:31:47;Senna;Ezreal;Kaisa;Bard;Rell;Bard;Win;25;8;3;1;13;2;1;18;20;44;0;0;1.4;8774;276;0.141;122;61;17;18;18;3.84;1.92;0.57;0.53;0.395;6940;1487;4359;1094;218;0.064;0.63;0.8;0;1;0;0;0;-260;12;624;1;0;1712;1712;3298;0;22712;1949;46;112;15729;16;20;35;0;0
Zeus;TOP;T1;KT;PerfecT;14.09.2024;2;3;v14.16;Regional_Finals_2024;2;5;5;2;Red;00:31:47;Smolder;Azir;Nasus;Rumble;Ornn;Rumble;Loss;8;2;2;0;15;0;4;5;1.3;198;1;0;6.2;8990;283;0.182;29;10;2;7;5;0.91;0.31;0.22;0.06;0.107;7878;2885;4794;199;248;0.118;0.16;0.625;0;0;0;0;0;-341;-7;-24;0;0;1392;1392;823;0;42385;0;30;702;26032;129;8;28;0;0
Oner;JUNGLE;T1;KT;Pyosik;14.09.2024;2;3;v14.16;Regional_Finals_2024;2;5;5;2;Red;00:31:47;Lillia;Sejuani;Vi;Skarner;Vi;Skarner;Loss;8;2;2;0;15;5;5;1;1.2;217;182;0;6.8;12141;382;0.246;47;9;12;9;7;1.48;0.28;0.28;0.38;0.173;11204;10119;489;596;353;0.168;0.19;0.75;0;0;0;0;0;950;6;575;0;0;1420;1420;14412;0;37873;0;27;368;31561;129;10;30;550;200
Faker;MID;T1;KT;Bdd;14.09.2024;2;3;v14.16;Regional_Finals_2024;2;5;5;2;Red;00:31:47;Maokai;Tristana;Ornn;Yone;Nasus;Yone;Loss;8;2;2;0;14;2;6;3;0.8;190;0;0;6;9723;306;0.197;24;14;1;5;5;0.76;0.44;0.16;0.03;0.089;18833;13269;4910;654;593;0.283;0.16;0.625;0;0;0;0;0;-1011;-37;-926;-1;0;2491;2491;10271;0;47237;0;29;3046;36264;209;6;23;100;0
Gumayusi;ADCARRY;T1;KT;Deft;14.09.2024;2;3;v14.16;Regional_Finals_2024;2;5;5;2;Red;00:31:47;Jhin;Poppy;Ziggs;Rell;Ziggs;Kaisa;Loss;8;2;2;0;16;0;5;5;1;286;2;0;9;11669;367;0.236;21;11;4;3;3;0.66;0.35;0.09;0.13;0.077;23372;780;22500;92;735;0.351;0.16;0.625;0;0;0;0;0;373;-3;929;0;0;1025;1025;1474;0;7306;0;22;336;16333;148;5;22;0;0
Keria;SUPPORT;T1;KT;BeryL;14.09.2024;2;3;v14.16;Regional_Finals_2024;2;5;5;2;Red;00:31:47;Ezreal;Senna;Bard;Kaisa;Bard;Rell;Loss;8;2;2;0;11;1;5;3;0.8;32;0;0;1;6903;217;0.14;150;92;17;20;19;4.72;2.89;0.63;0.53;0.554;5327;1326;3495;506;168;0.08;0.13;0.5;0;0;0;0;0;260;-12;-624;-1;0;677;677;2186;1356;12155;862;50;256;20086;143;22;37;50;0
Zeus;TOP;T1;KT;PerfecT;14.09.2024;2;3;v14.16;Regional_Finals_2024;3;5;5;3;Blue;00:28:59;Maokai;Azir;Ziggs;Leona;Camille;Jax;Win;12;9;3;1;16;3;0;3;Perfect_KDA;248;12;0;8.6;11284;389;0.196;30;8;4;1;1;1.04;0.28;0.03;0.14;0.107;13329;9717;1021;2591;460;0.228;0.21;0.5;0;0;0;0;0;490;26;1177;1;0;2610;2610;4175;0;24571;0;18;288;17513;0;3;26;50;0
Oner;JUNGLE;T1;KT;Pyosik;14.09.2024;2;3;v14.16;Regional_Finals_2024;3;5;5;3;Blue;00:28:59;Yone;Rumble;Sejuani;Ivern;Sejuani;Ivern;Win;12;9;3;1;14;1;0;11;Perfect_KDA;175;150;0;6;10769;372;0.187;53;11;18;9;9;1.83;0.38;0.31;0.62;0.189;8094;4809;2634;651;279;0.139;0.41;1;0;0;0;0;0;-105;23;371;0;0;5846;5846;15659;0;38794;1222;15;340;32786;0;10;25;0;0
Faker;MID;T1;KT;Bdd;14.09.2024;2;3;v14.16;Regional_Finals_2024;3;5;5;3;Blue;00:28:59;Smolder;Vi;Camille;Jax;Taliyah;Corki;Win;12;9;3;1;17;4;1;1;5;324;30;0;11.2;14359;495;0.249;45;9;7;2;1;1.55;0.31;0.07;0.24;0.16;10381;454;9847;80;358;0.178;0.17;0.417;0;0;0;0;0;11;-6;-602;-1;0;6828;6828;1109;0;3709;0;13;533;6843;28;4;24;0;100
Gumayusi;ADCARRY;T1;KT;Deft;14.09.2024;2;3;v14.16;Regional_Finals_2024;3;5;5;3;Blue;00:28:59;Seraphine;Poppy;Taliyah;Corki;Ziggs;Sivir;Win;12;9;3;1;17;2;1;7;9;318;16;0;11;13319;460;0.231;26;11;5;3;3;0.9;0.38;0.1;0.17;0.093;21874;444;21285;145;755;0.374;0.31;0.75;0;0;0;0;0;-815;-1;477;0;0;8532;8532;553;0;4914;0;16;322;8209;16;6;20;0;0
Keria;SUPPORT;T1;KT;BeryL;14.09.2024;2;3;v14.16;Regional_Finals_2024;3;5;5;3;Blue;00:28:59;Tristana;Nasus;Bard;Sivir;Bard;Leona;Win;12;9;3;1;12;2;0;9;Perfect_KDA;34;0;0;1.2;7892;272;0.137;127;83;21;15;15;4.38;2.86;0.52;0.72;0.452;4749;1089;3448;212;164;0.081;0.38;0.917;0;0;0;0;0;-37;-11;-275;-1;0;1962;1962;3946;1715;6710;249;36;171;10645;0;17;32;0;0
PerfecT;TOP;KT;T1;Zeus;14.09.2024;2;3;v14.16;Regional_Finals_2024;3;5;5;3;Red;00:28:59;Azir;Maokai;Leona;Ziggs;Jax;Camille;Loss;2;1;0;0;14;0;1;1;1;214;3;0;7.4;8881;306;0.197;20;11;4;2;2;0.69;0.38;0.07;0.14;0.082;5071;2012;2883;176;175;0.121;0.03;0.5;0;0;0;0;0;-490;-26;-1177;-1;0;1462;1462;610;0;8809;0;6;79;17346;43;3;18;0;0
Pyosik;JUNGLE;KT;T1;Oner;14.09.2024;2;3;v14.16;Regional_Finals_2024;3;5;5;3;Red;00:28:59;Rumble;Yone;Ivern;Sejuani;Ivern;Sejuani;Loss;2;1;0;0;12;0;3;2;0.7;133;116;0;4.6;8181;282;0.181;67;32;12;12;10;2.31;1.1;0.41;0.41;0.273;5635;1369;2795;1471;194;0.135;0.07;1;0;0;0;0;0;105;-23;-371;0;0;380;380;4960;1394;6901;5380;43;275;11200;119;13;26;0;0
Bdd;MID;KT;T1;Faker;14.09.2024;2;3;v14.16;Regional_Finals_2024;3;5;5;3;Red;00:28:59;Vi;Smolder;Jax;Camille;Corki;Taliyah;Loss;2;1;0;0;15;0;1;1;1;279;0;0;9.6;10608;366;0.235;32;14;6;4;4;1.1;0.48;0.14;0.21;0.131;16501;10949;2980;2572;569;0.395;0.03;0.5;0;0;0;0;0;-11;6;602;1;0;2316;2316;3382;0;7547;0;0;33;11600;0;6;25;0;0
Deft;ADCARRY;KT;T1;Gumayusi;14.09.2024;2;3;v14.16;Regional_Finals_2024;3;5;5;3;Red;00:28:59;Poppy;Seraphine;Corki;Taliyah;Sivir;Ziggs;Loss;2;1;0;0;15;2;3;0;0.7;289;8;0;10;11388;393;0.252;26;13;7;4;4;0.9;0.45;0.14;0.24;0.106;11003;10635;0;368;380;0.264;0.07;1;0;0;0;0;0;815;1;-477;0;0;0;0;4293;0;6652;0;0;57;14403;88;5;21;100;50
BeryL;SUPPORT;KT;T1;Keria;14.09.2024;2;3;v14.16;Regional_Finals_2024;3;5;5;3;Red;00:28:59;Nasus;Tristana;Sivir;Bard;Leona;Bard;Loss;2;1;0;0;10;0;4;1;0.3;44;0;0;1.5;6053;209;0.134;100;47;23;13;11;3.45;1.62;0.45;0.79;0.408;3531;517;2674;340;122;0.085;0.03;0.5;0;0;0;0;0;37;11;275;1;0;0;0;221;0;12814;0;12;32;13821;101;15;30;0;0
PerfecT;TOP;KT;T1;Zeus;14.09.2024;2;3;v14.16;Regional_Finals_2024;4;5;5;4;Blue;00:36:59;Azir;Smolder;Maokai;Ashe;Gragas;Jax;Win;18;9;3;2;18;3;2;10;6.5;251;4;0;6.8;13123;355;0.183;43;16;5;11;10;1.16;0.43;0.3;0.14;0.114;17671;1021;16650;0;478;0.174;0.35;0.722;0;0;0;0;0;-180;-5;-683;-1;0;839;839;13310;0;23984;0;37;481;24337;60;14;36;0;100
Pyosik;JUNGLE;KT;T1;Oner;14.09.2024;2;3;v14.16;Regional_Finals_2024;4;5;5;4;Blue;00:36:59;Sejuani;Rumble;Miss_Fortune;Skarner;Maokai;Skarner;Win;18;9;3;2;16;2;1;13;15;200;167;0;5.4;12576;340;0.176;70;14;22;14;13;1.89;0.38;0.38;0.59;0.185;17434;1252;15642;540;471;0.172;0.41;0.833;0;0;0;0;0;278;10;586;1;0;3060;3060;30177;0;54636;1312;62;650;52452;16;15;32;200;0
Bdd;MID;KT;T1;Faker;14.09.2024;2;3;v14.16;Regional_Finals_2024;4;5;5;4;Blue;00:36:59;Jhin;Ziggs;Yone;Taliyah;Yone;Taliyah;Win;18;9;3;2;18;6;0;11;Perfect_KDA;351;12;0;9.5;18029;487;0.252;45;9;11;6;6;1.22;0.24;0.16;0.3;0.119;27755;20007;5294;2454;750;0.273;0.46;0.944;0;0;0;0;0;-351;-9;-383;0;0;5720;5720;13294;0;29392;0;26;216;22470;0;8;27;50;0
Deft;ADCARRY;KT;T1;Gumayusi;14.09.2024;2;3;v14.16;Regional_Finals_2024;4;5;5;4;Blue;00:36:59;Kalista;Rell;Gragas;Jax;Miss_Fortune;Ashe;Win;18;9;3;2;18;7;1;6;13;365;11;0;9.9;17970;486;0.251;63;21;12;9;8;1.7;0.57;0.24;0.32;0.167;29449;28489;710;250;796;0.29;0.35;0.722;0;1;0;0;0;388;10;-374;0;0;9082;9082;8240;0;21979;0;6;95;13816;46;11;32;50;350
BeryL;SUPPORT;KT;T1;Keria;14.09.2024;2;3;v14.16;Regional_Finals_2024;4;5;5;4;Blue;00:36:59;Renata_Glasc;Blitzcrank;Poppy;Braum;Poppy;Braum;Win;18;9;3;2;14;0;1;15;15;49;0;0;1.3;9820;266;0.137;157;64;26;22;21;4.25;1.73;0.59;0.7;0.415;9324;7215;1081;1028;252;0.092;0.41;0.833;0;0;0;0;0;-287;1;-237;0;0;1266;1266;2647;0;16977;766;36;224;17519;25;25;40;0;0
Zeus;TOP;T1;KT;PerfecT;14.09.2024;2;3;v14.16;Regional_Finals_2024;4;5;5;4;Red;00:36:59;Smolder;Azir;Ashe;Maokai;Jax;Gragas;Loss;5;2;3;0;17;2;3;0;0.7;295;15;0;8;13364;361;0.226;58;22;11;11;9;1.57;0.59;0.3;0.3;0.188;21162;9658;10931;573;572;0.255;0.05;0.4;0;1;0;0;0;180;5;683;1;0;3873;3873;4741;0;40128;0;19;203;32170;107;12;37;450;50
Oner;JUNGLE;T1;KT;Pyosik;14.09.2024;2;3;v14.16;Regional_Finals_2024;4;5;5;4;Red;00:36:59;Rumble;Sejuani;Skarner;Miss_Fortune;Skarner;Maokai;Loss;5;2;3;0;15;0;4;5;1.3;201;176;0;5.4;10158;275;0.172;50;9;15;8;7;1.35;0.24;0.22;0.41;0.162;13133;8174;4492;467;355;0.158;0.14;1;0;0;0;0;0;-278;-10;-586;-1;0;56;56;13638;0;73429;0;33;832;41554;129;9;27;0;0
Faker;MID;T1;KT;Bdd;14.09.2024;2;3;v14.16;Regional_Finals_2024;4;5;5;4;Red;00:36:59;Ziggs;Jhin;Taliyah;Yone;Taliyah;Yone;Loss;5;2;3;0;17;1;5;2;0.6;333;32;0;9;13298;360;0.225;28;15;0;5;4;0.76;0.41;0.14;0;0.091;17166;1274;15538;354;464;0.207;0.08;0.6;0;0;0;0;0;351;9;383;0;0;134;134;1619;0;12065;0;28;693;15541;183;7;24;0;200
Gumayusi;ADCARRY;T1;KT;Deft;14.09.2024;2;3;v14.16;Regional_Finals_2024;4;5;5;4;Red;00:36:59;Rell;Kalista;Jax;Gragas;Ashe;Miss_Fortune;Loss;5;2;3;0;17;1;3;3;1.3;369;17;0;10;14409;390;0.244;44;14;10;7;6;1.19;0.38;0.19;0.27;0.143;23123;19857;2846;420;625;0.279;0.11;0.8;0;0;0;0;0;-388;-10;374;0;0;1587;1587;6115;0;15152;0;49;1083;15021;51;9;31;0;50
Keria;SUPPORT;T1;KT;BeryL;14.09.2024;2;3;v14.16;Regional_Finals_2024;4;5;5;4;Red;00:36:59;Blitzcrank;Renata_Glasc;Braum;Poppy;Braum;Poppy;Loss;5;2;3;0;11;1;3;3;1.3;41;0;0;1.1;7885;213;0.133;128;77;15;26;24;3.46;2.08;0.7;0.41;0.416;8290;822;5690;1778;224;0.1;0.11;0.8;0;0;0;0;0;287;-1;237;0;0;891;891;499;0;19111;1567;38;236;24237;107;28;42;0;0
Zeus;TOP;T1;KT;PerfecT;14.09.2024;2;3;v14.16;Regional_Finals_2024;5;5;5;5;Blue;00:33:14;Maokai;Rumble;Yone;Sejuani;Yone;Camille;Win;10;9;3;1;18;3;4;3;1.5;290;20;0;8.7;13702;412;0.216;26;11;3;6;6;0.78;0.33;0.18;0.09;0.1;14494;10034;3531;929;436;0.207;0.18;0.6;1;1;0;0;0;507;20;-223;0;0;3112;3112;7247;0;23744;0;21;192;23145;122;7;26;50;50
Oner;JUNGLE;T1;KT;Pyosik;14.09.2024;2;3;v14.16;Regional_Finals_2024;5;5;5;5;Blue;00:33:14;Smolder;Azir;Jhin;Miss_Fortune;Lillia;Sejuani;Win;10;9;3;1;16;2;2;6;4;243;216;0;7.3;12310;370;0.195;38;5;13;3;3;1.14;0.15;0.09;0.39;0.146;15751;329;12189;3233;474;0.224;0.24;0.8;0;0;0;0;0;110;11;593;0;0;4919;4919;24201;0;22397;0;17;486;34089;56;4;18;100;50
Faker;MID;T1;KT;Bdd;14.09.2024;2;3;v14.16;Regional_Finals_2024;5;5;5;5;Blue;00:33:14;Jax;Ziggs;Lillia;Camille;Corki;LeBlanc;Win;10;9;3;1;17;1;0;4;Perfect_KDA;312;12;0;9.4;13694;412;0.216;32;15;7;4;3;0.96;0.45;0.12;0.21;0.123;17214;11971;3520;1723;518;0.245;0.15;0.5;0;0;0;0;0;-503;-9;-280;-1;0;9575;9575;6165;0;10067;0;1;50;17946;0;5;25;0;0
Gumayusi;ADCARRY;T1;KT;Deft;14.09.2024;2;3;v14.16;Regional_Finals_2024;5;5;5;5;Blue;00:33:14;Rell;Bard;Corki;Alistar;Jhin;Miss_Fortune;Win;10;9;3;1;17;4;0;4;Perfect_KDA;328;12;0;9.9;15339;462;0.242;34;12;11;3;3;1.02;0.36;0.09;0.33;0.13;17470;15328;2002;140;526;0.249;0.24;0.8;0;1;0;0;0;251;-1;215;0;0;6636;6636;5095;0;4475;0;21;145;8470;0;4;26;0;0
Keria;SUPPORT;T1;KT;BeryL;14.09.2024;2;3;v14.16;Regional_Finals_2024;5;5;5;5;Blue;00:33:14;Poppy;Gwen;Leona;LeBlanc;Leona;Alistar;Win;10;9;3;1;12;0;2;5;2.5;38;0;0;1.1;8244;248;0.13;131;69;21;16;16;3.94;2.08;0.48;0.63;0.502;5248;1402;2594;1252;158;0.075;0.15;0.5;0;0;0;0;0;26;-10;-785;-1;0;3179;3179;993;0;10563;0;34;62;12975;36;18;34;0;0
PerfecT;TOP;KT;T1;Zeus;14.09.2024;2;3;v14.16;Regional_Finals_2024;5;5;5;5;Red;00:33:14;Rumble;Maokai;Sejuani;Yone;Camille;Yone;Loss;8;0;1;0;17;1;3;5;2;267;4;0;8;11200;337;0.212;34;10;8;7;6;1.02;0.3;0.21;0.24;0.109;11863;7671;1359;2833;357;0.215;0.18;0.75;0;0;0;0;0;-507;-20;223;0;0;2515;2515;2643;0;22066;0;15;234;23969;81;8;29;0;0
Pyosik;JUNGLE;KT;T1;Oner;14.09.2024;2;3;v14.16;Regional_Finals_2024;5;5;5;5;Red;00:33:14;Azir;Smolder;Miss_Fortune;Jhin;Sejuani;Lillia;Loss;8;0;1;0;14;1;2;5;3;188;164;0;5.7;9737;293;0.184;83;31;17;11;10;2.5;0.93;0.33;0.51;0.265;6756;3357;3147;252;203;0.122;0.18;0.75;0;0;0;0;0;-110;-11;-593;0;0;0;0;15436;253;35090;0;20;416;33772;84;12;28;0;0
Bdd;MID;KT;T1;Faker;14.09.2024;2;3;v14.16;Regional_Finals_2024;5;5;5;5;Red;00:33:14;Ziggs;Jax;Camille;Lillia;LeBlanc;Corki;Loss;8;0;1;0;16;3;2;1;2;290;0;0;8.7;12008;361;0.227;39;16;5;7;7;1.17;0.48;0.21;0.15;0.125;18731;2039;15135;1557;564;0.339;0.12;0.5;0;0;0;0;0;503;9;280;1;0;1005;1005;1796;0;8607;0;12;60;17961;46;9;32;50;100
Deft;ADCARRY;KT;T1;Gumayusi;14.09.2024;2;3;v14.16;Regional_Finals_2024;5;5;5;5;Red;00:33:14;Bard;Rell;Alistar;Corki;Miss_Fortune;Jhin;Loss;8;0;1;0;17;1;1;1;2;346;14;0;10.4;12707;382;0.24;54;19;13;9;8;1.62;0.57;0.27;0.39;0.173;14683;14110;573;0;442;0.266;0.06;0.25;0;0;0;0;0;-251;1;-215;0;0;19;19;3344;0;16519;0;4;126;10044;46;10;28;50;0
BeryL;SUPPORT;KT;T1;Keria;14.09.2024;2;3;v14.16;Regional_Finals_2024;5;5;5;5;Red;00:33:14;Gwen;Poppy;LeBlanc;Leona;Alistar;Leona;Loss;8;0;1;0;11;2;2;3;2.5;44;0;0;1.3;7199;217;0.136;103;58;11;20;16;3.1;1.75;0.6;0.33;0.329;3200;275;2635;290;96;0.058;0.15;0.625;0;0;0;0;0;-26;10;785;1;0;0;0;5018;2715;17960;651;27;73;14482;75;23;39;0;50
